<?xml version="1.0" encoding="UTF-8"?>
<root>
  <item name="com.google.android.exoplayer2.source.hls.playlist.HlsMediaPlaylist HlsMediaPlaylist(int, java.lang.String, long, long, boolean, int, int, int, long, boolean, boolean, com.google.android.exoplayer2.source.hls.playlist.HlsMediaPlaylist.Segment, java.util.List&lt;com.google.android.exoplayer2.source.hls.playlist.HlsMediaPlaylist.Segment&gt;) 0">
    <annotation name="android.support.annotation.IntDef">
      <val name="value" val="{com.google.android.exoplayer2.source.hls.playlist.HlsMediaPlaylist.PLAYLIST_TYPE_UNKNOWN, com.google.android.exoplayer2.source.hls.playlist.HlsMediaPlaylist.PLAYLIST_TYPE_VOD, com.google.android.exoplayer2.source.hls.playlist.HlsMediaPlaylist.PLAYLIST_TYPE_EVENT}" />
    </annotation>
  </item>
  <item name="com.google.android.exoplayer2.source.hls.playlist.HlsMediaPlaylist playlistType">
    <annotation name="android.support.annotation.IntDef">
      <val name="value" val="{com.google.android.exoplayer2.source.hls.playlist.HlsMediaPlaylist.PLAYLIST_TYPE_UNKNOWN, com.google.android.exoplayer2.source.hls.playlist.HlsMediaPlaylist.PLAYLIST_TYPE_VOD, com.google.android.exoplayer2.source.hls.playlist.HlsMediaPlaylist.PLAYLIST_TYPE_EVENT}" />
    </annotation>
  </item>
  <item name="com.google.android.exoplayer2.source.hls.playlist.HlsMediaPlaylist.PlaylistType">
    <annotation name="android.support.annotation.IntDef">
      <val name="value" val="{com.google.android.exoplayer2.source.hls.playlist.HlsMediaPlaylist.PLAYLIST_TYPE_UNKNOWN, com.google.android.exoplayer2.source.hls.playlist.HlsMediaPlaylist.PLAYLIST_TYPE_VOD, com.google.android.exoplayer2.source.hls.playlist.HlsMediaPlaylist.PLAYLIST_TYPE_EVENT}" />
    </annotation>
  </item>
  <item name="com.google.android.exoplayer2.source.hls.playlist.HlsPlaylist HlsPlaylist(java.lang.String, int) 1">
    <annotation name="android.support.annotation.IntDef">
      <val name="value" val="{com.google.android.exoplayer2.source.hls.playlist.HlsPlaylist.TYPE_MASTER, com.google.android.exoplayer2.source.hls.playlist.HlsPlaylist.TYPE_MEDIA}" />
    </annotation>
  </item>
  <item name="com.google.android.exoplayer2.source.hls.playlist.HlsPlaylist type">
    <annotation name="android.support.annotation.IntDef">
      <val name="value" val="{com.google.android.exoplayer2.source.hls.playlist.HlsPlaylist.TYPE_MASTER, com.google.android.exoplayer2.source.hls.playlist.HlsPlaylist.TYPE_MEDIA}" />
    </annotation>
  </item>
  <item name="com.google.android.exoplayer2.source.hls.playlist.HlsPlaylist.Type">
    <annotation name="android.support.annotation.IntDef">
      <val name="value" val="{com.google.android.exoplayer2.source.hls.playlist.HlsPlaylist.TYPE_MASTER, com.google.android.exoplayer2.source.hls.playlist.HlsPlaylist.TYPE_MEDIA}" />
    </annotation>
  </item>
  <item name="com.google.android.exoplayer2.source.hls.playlist.HlsPlaylistParser int parseSelectionFlags(java.lang.String)">
    <annotation name="android.support.annotation.IntDef">
      <val name="flag" val="true" />
      <val name="value" val="{com.google.android.exoplayer2.C.SELECTION_FLAG_DEFAULT, com.google.android.exoplayer2.C.SELECTION_FLAG_FORCED, com.google.android.exoplayer2.C.SELECTION_FLAG_AUTOSELECT}" />
    </annotation>
  </item>
</root>

