<?xml version="1.0" encoding="UTF-8"?>
<root>
  <item name="com.google.android.exoplayer2.source.dash.manifest.DashManifestParser com.google.android.exoplayer2.Format buildFormat(java.lang.String, java.lang.String, int, int, float, int, int, int, java.lang.String, int, java.util.List&lt;com.google.android.exoplayer2.source.dash.manifest.SchemeValuePair&gt;, java.lang.String) 9">
    <annotation name="android.support.annotation.IntDef">
      <val name="flag" val="true" />
      <val name="value" val="{com.google.android.exoplayer2.C.SELECTION_FLAG_DEFAULT, com.google.android.exoplayer2.C.SELECTION_FLAG_FORCED, com.google.android.exoplayer2.C.SELECTION_FLAG_AUTOSELECT}" />
    </annotation>
  </item>
  <item name="com.google.android.exoplayer2.source.dash.manifest.DashManifestParser com.google.android.exoplayer2.source.dash.manifest.DashManifestParser.RepresentationInfo parseRepresentation(org.xmlpull.v1.XmlPullParser, java.lang.String, java.lang.String, java.lang.String, int, int, float, int, int, java.lang.String, int, java.util.List&lt;com.google.android.exoplayer2.source.dash.manifest.SchemeValuePair&gt;, com.google.android.exoplayer2.source.dash.manifest.SegmentBase) 10">
    <annotation name="android.support.annotation.IntDef">
      <val name="flag" val="true" />
      <val name="value" val="{com.google.android.exoplayer2.C.SELECTION_FLAG_DEFAULT, com.google.android.exoplayer2.C.SELECTION_FLAG_FORCED, com.google.android.exoplayer2.C.SELECTION_FLAG_AUTOSELECT}" />
    </annotation>
  </item>
</root>

